Artikelnummer,Bezeichnung,Länge,Breite,Höhe,Gewicht
ART00000,Artikel 0,850.0,300.0,195.0,5.017015197512438
ART00001,Artikel 1,850.0,362.0,473.0,22.18443001521081
ART00002,Artikel 2,850.0,161.0,56.0,16.18068923511463
ART00003,Artikel 3,850.0,304.0,335.0,7.219079052055086
ART00004,Artikel 4,850.0,352.0,133.0,20.41707878031857
ART00005,Artikel 5,850.0,256.0,59.0,21.548112909449557
ART00006,Artikel 6,850.0,278.0,320.0,21.178207033387924
ART00007,Artikel 7,850.0,390.0,243.0,22.981270687624907
ART00008,Artikel 8,850.0,115.0,337.0,6.380801402316703
ART00009,Artikel 9,850.0,124.0,368.0,18.90054402578233
ART00010,Artikel 10,850.0,152.0,134.0,11.567433482126086
ART00011,Artikel 11,850.0,241.0,342.0,21.065763966962532
ART00012,Artikel 12,850.0,301.0,587.0,18.23941786132417
ART00013,Artikel 13,850.0,275.0,59.0,19.433541417843145
ART00014,Artikel 14,850.0,343.0,59.0,16.438429758258682
ART00015,Artikel 15,850.0,355.0,308.0,4.517976359795701
ART00016,Artikel 16,850.0,147.0,281.0,13.671170280533763
ART00017,Artikel 17,850.0,387.0,235.0,24.618276514160254
ART00018,Artikel 18,850.0,335.0,166.0,23.44096285577826
ART00019,Artikel 19,850.0,384.0,355.0,1.1750260213455905
ART00020,Artikel 20,850.0,396.0,187.0,4.203888911662983
ART00021,Artikel 21,850.0,357.0,111.0,3.3800464590185912
ART00022,Artikel 22,850.0,298.0,372.0,18.17689975863386
ART00023,Artikel 23,850.0,215.0,590.0,20.46285471343793
ART00024,Artikel 24,850.0,384.0,590.0,5.41643302113573
ART00025,Artikel 25,850.0,79.0,382.0,12.69573205450054
ART00026,Artikel 26,850.0,296.0,576.0,21.03350539747888
ART00027,Artikel 27,850.0,155.0,364.0,18.34675846467964
ART00028,Artikel 28,850.0,100.0,189.0,13.601706416747021
ART00029,Artikel 29,850.0,130.0,375.0,14.799657492423444
ART00030,Artikel 30,850.0,182.0,210.0,12.75817761821537
ART00031,Artikel 31,850.0,334.0,441.0,7.5089564378386315
ART00032,Artikel 32,850.0,187.0,26.0,14.1690476221895
ART00033,Artikel 33,850.0,233.0,152.0,17.25324402104726
ART00034,Artikel 34,850.0,379.0,576.0,21.84574060493411
ART00035,Artikel 35,850.0,322.0,50.0,15.943654714083277
ART00036,Artikel 36,850.0,389.0,554.0,19.051926272374633
ART00037,Artikel 37,850.0,118.0,445.0,4.085783710368867
ART00038,Artikel 38,850.0,83.0,413.0,11.592781113052768
ART00039,Artikel 39,850.0,311.0,382.0,0.33235733369462306
ART00040,Artikel 40,850.0,430.0,456.0,6.242303726588412
ART00041,Artikel 41,612.0,430.0,570.0,18.18889670631382
ART00042,Artikel 42,616.0,430.0,101.0,24.79606778859915
ART00043,Artikel 43,293.0,430.0,375.0,2.569534679721676
ART00044,Artikel 44,554.0,430.0,277.0,10.097208464946076
ART00045,Artikel 45,180.0,430.0,543.0,20.021767120609073
ART00046,Artikel 46,534.0,430.0,314.0,5.18048730225958
ART00047,Artikel 47,696.0,430.0,243.0,13.921615237626927
ART00048,Artikel 48,70.0,430.0,544.0,18.353475271138905
ART00049,Artikel 49,216.0,430.0,65.0,15.438037711478456
ART00050,Artikel 50,323.0,430.0,132.0,4.781815891923861
ART00051,Artikel 51,437.0,430.0,252.0,8.94907576027491
ART00052,Artikel 52,650.0,430.0,36.0,19.61641543368639
ART00053,Artikel 53,365.0,430.0,379.0,13.900240201887213
ART00054,Artikel 54,63.0,430.0,242.0,0.23021737721852714
ART00055,Artikel 55,291.0,430.0,467.0,19.04866992469954
ART00056,Artikel 56,395.0,430.0,384.0,0.9792527380119528
ART00057,Artikel 57,614.0,430.0,345.0,18.668771190007682
ART00058,Artikel 58,389.0,430.0,486.0,5.1417659481144105
ART00059,Artikel 59,141.0,430.0,433.0,23.956029654972568
ART00060,Artikel 60,416.0,430.0,474.0,9.261724707421903
ART00061,Artikel 61,504.0,430.0,252.0,8.240597246818169
ART00062,Artikel 62,477.0,430.0,243.0,3.807312453277872
ART00063,Artikel 63,558.0,430.0,,7.70954496570635
ART00064,Artikel 64,84.0,430.0,591.0,21.928603969522193
ART00065,Artikel 65,255.0,430.0,354.0,24.90872500691846
ART00066,Artikel 66,130.0,430.0,241.0,9.270907309620522
ART00067,Artikel 67,611.0,430.0,56.0,11.270404710768108
ART00068,Artikel 68,437.0,430.0,297.0,18.07956636124815
ART00069,Artikel 69,51.0,430.0,215.0,22.166274933580357
ART00070,Artikel 70,439.0,430.0,503.0,14.866803921250924
ART00071,Artikel 71,615.0,430.0,261.0,9.848989884627949
ART00072,Artikel 72,155.0,430.0,343.0,10.374283837130731
ART00073,Artikel 73,526.0,430.0,211.0,17.42089184777049
ART00074,Artikel 74,752.0,430.0,36.0,0.18013476374653917
ART00075,Artikel 75,451.0,430.0,640.0,15.527774502750031
ART00076,Artikel 76,779.0,83.0,640.0,8.951775959989797
ART00077,Artikel 77,605.0,127.0,640.0,19.875513548799397
ART00078,Artikel 78,211.0,267.0,640.0,2.415466931595991
ART00079,Artikel 79,251.0,350.0,640.0,14.746236447014923
ART00080,Artikel 80,319.0,122.0,640.0,12.076224958164481
ART00081,Artikel 81,320.0,331.0,640.0,16.093905595040162
ART00082,Artikel 82,505.0,298.0,640.0,1.7148545026259119
ART00083,Artikel 83,511.0,96.0,640.0,14.541596306960468
ART00084,Artikel 84,776.0,170.0,640.0,14.08096624019214
ART00085,Artikel 85,301.0,263.0,640.0,14.060436350962656
ART00086,Artikel 86,751.0,288.0,,15.126842898251724
ART00087,Artikel 87,345.0,105.0,640.0,16.94405163693642
ART00088,Artikel 88,774.0,399.0,640.0,20.144226092051166
ART00089,Artikel 89,769.0,156.0,640.0,6.818535931192536
ART00090,Artikel 90,798.0,368.0,640.0,20.643730313483545
ART00091,Artikel 91,387.0,97.0,640.0,12.506566488359994
ART00092,Artikel 92,102.0,110.0,640.0,2.018751150444846
ART00093,Artikel 93,266.0,386.0,640.0,1.5579181381750822
ART00094,Artikel 94,237.0,75.0,640.0,8.422534135531913
ART00095,Artikel 95,429.0,341.0,640.0,19.643934730075543
ART00096,Artikel 96,542.0,306.0,640.0,17.721255275048804
ART00097,Artikel 97,90.0,57.0,640.0,19.73651262034292
ART00098,Artikel 98,206.0,162.0,640.0,12.979999505396073
ART00099,Artikel 99,64.0,302.0,640.0,11.060955049091714
ART00100,Artikel 100,114.0,229.0,640.0,3.7715679149864703
ART00101,Artikel 101,570.0,256.0,640.0,8.271999564871857
ART00102,Artikel 102,393.0,352.0,640.0,10.907082217729494
ART00103,Artikel 103,178.0,176.0,640.0,2.306150699022469
ART00104,Artikel 104,697.0,105.0,640.0,5.59323762250916
ART00105,Artikel 105,521.0,263.0,640.0,30.0
ART00106,Artikel 106,112.0,63.0,103.0,30.0
ART00107,Artikel 107,188.0,77.0,41.0,30.0
ART00108,Artikel 108,548.0,127.0,478.0,30.0
ART00109,Artikel 109,642.0,265.0,558.0,30.0
ART00110,Artikel 110,441.0,203.0,401.0,30.0
ART00111,Artikel 111,724.0,63.0,459.0,30.0
ART00112,Artikel 112,468.0,236.0,40.0,30.0
ART00113,Artikel 113,338.0,361.0,322.0,30.0
ART00114,Artikel 114,428.0,56.0,103.0,30.0
ART00115,Artikel 115,539.0,52.0,472.0,30.0
ART00116,Artikel 116,280.0,160.0,406.0,30.0
ART00117,Artikel 117,90.0,287.0,526.0,30.0
ART00118,Artikel 118,77.0,288.0,276.0,30.0
ART00119,Artikel 119,184.0,323.0,589.0,30.0
ART00120,Artikel 120,250.0,343.0,546.0,30.0
ART00121,Artikel 121,82.0,276.0,181.0,30.0
ART00122,Artikel 122,97.0,64.0,182.0,30.0
ART00123,Artikel 123,552.0,241.0,543.0,30.0
ART00124,Artikel 124,456.0,168.0,290.0,30.0
ART00125,Artikel 125,623.0,77.0,511.0,30.0
ART00126,Artikel 126,777.0,251.0,227.0,30.0
ART00127,Artikel 127,148.0,88.0,558.0,30.0
ART00128,Artikel 128,733.0,322.0,79.0,30.0
ART00129,Artikel 129,775.0,280.0,449.0,30.0
ART00130,Artikel 130,596.0,135.0,328.0,30.0
ART00131,Artikel 131,788.0,175.0,539.0,21.830983237066587
ART00132,Artikel 132,662.0,349.0,46.0,21.064145813116035
ART00133,Artikel 133,511.0,74.0,581.0,4.733925304372304
ART00134,Artikel 134,692.0,194.0,218.0,20.085818413913188
ART00135,Artikel 135,54.0,62.0,406.0,11.508853479773526
ART00136,Artikel 136,267.0,261.0,368.0,12.125924914925344
ART00137,Artikel 137,552.0,74.0,555.0,3.423651313157
ART00138,Artikel 138,447.0,117.0,397.0,2.106977692552404
ART00139,Artikel 139,442.0,116.0,577.0,18.225688743646753
ART00140,Artikel 140,256.0,282.0,546.0,12.461882693646963
ART00141,Artikel 141,64.0,158.0,172.0,10.97758249511797
ART00142,Artikel 142,603.0,195.0,225.0,18.264754893444678
ART00143,Artikel 143,510.0,160.0,474.0,19.161271184878633
ART00144,Artikel 144,740.0,277.0,292.0,4.056813374966904
ART00145,Artikel 145,624.0,160.0,255.0,15.294606221993266
ART00146,Artikel 146,792.0,83.0,540.0,3.4703166487143697
ART00147,Artikel 147,290.0,160.0,520.0,18.809239642123238
ART00148,Artikel 148,613.0,313.0,136.0,16.458183391051776
ART00149,Artikel 149,145.0,285.0,405.0,23.919704064978102
ART00150,Artikel 150,783.0,132.0,363.0,1.8170546072748874
ART00151,Artikel 151,534.0,91.0,414.0,1.5206625566662324
ART00152,Artikel 152,456.0,150.0,83.0,7.126458159860683
ART00153,Artikel 153,280.0,55.0,91.0,6.616471525024058
ART00154,Artikel 154,798.0,229.0,293.0,6.249772096892795
ART00155,Artikel 155,704.0,331.0,339.0,22.665739054973812
ART00156,Artikel 156,220.0,369.0,357.0,6.313700376252701
ART00157,Artikel 157,590.0,275.0,385.0,6.871548180602911
ART00158,Artikel 158,85.0,364.0,514.0,19.009016734207297
ART00159,Artikel 159,574.0,278.0,185.0,11.298522077018445
ART00160,Artikel 160,209.0,338.0,563.0,19.440092868184013
ART00161,Artikel 161,748.0,199.0,30.0,1.7276173233531924
ART00162,Artikel 162,292.0,326.0,320.0,12.240522722467269
ART00163,Artikel 163,135.0,247.0,121.0,0.9369786445637375
ART00164,Artikel 164,627.0,119.0,444.0,1.6600647660383276
ART00165,Artikel 165,731.0,161.0,411.0,22.67029258827583
ART00166,Artikel 166,606.0,53.0,233.0,3.5672097408281194
ART00167,Artikel 167,623.0,399.0,107.0,13.357274988652906
ART00168,Artikel 168,695.0,380.0,572.0,10.336280504757593
ART00169,Artikel 169,77.0,367.0,420.0,8.748848823845181
ART00170,Artikel 170,669.0,399.0,65.0,22.505850307613084
ART00171,Artikel 171,605.0,144.0,482.0,0.6434025797096885
ART00172,Artikel 172,389.0,201.0,329.0,16.62836318577217
ART00173,Artikel 173,380.0,360.0,105.0,24.088521411917405
ART00174,Artikel 174,689.0,186.0,111.0,14.048187768199863
ART00175,Artikel 175,555.0,296.0,261.0,23.426879304623988
ART00176,Artikel 176,397.0,292.0,21.0,1.4012211942219919
ART00177,Artikel 177,522.0,80.0,244.0,10.527953644946617
ART00178,Artikel 178,280.0,89.0,135.0,6.577928994955073
ART00179,Artikel 179,239.0,278.0,122.0,18.29744202802017
ART00180,Artikel 180,274.0,85.0,213.0,24.534297553381442
ART00181,Artikel 181,434.0,272.0,185.0,6.48759855486177
ART00182,Artikel 182,426.0,55.0,109.0,16.388947576704453
ART00183,Artikel 183,332.0,371.0,141.0,5.032631055717529
ART00184,Artikel 184,682.0,269.0,162.0,14.176723338833085
ART00185,Artikel 185,677.0,124.0,125.0,11.65191891853957
ART00186,Artikel 186,794.0,53.0,447.0,24.302932707825274
ART00187,Artikel 187,308.0,384.0,324.0,15.252329090142016
ART00188,Artikel 188,408.0,183.0,336.0,8.802708664961786
ART00189,Artikel 189,759.0,167.0,28.0,2.940985043709541
ART00190,Artikel 190,505.0,143.0,92.0,3.8660460354998705
ART00191,Artikel 191,460.0,111.0,378.0,5.710391555785753
ART00192,Artikel 192,698.0,243.0,242.0,6.349069867373419
ART00193,Artikel 193,367.0,384.0,435.0,21.28033984024433
ART00194,Artikel 194,726.0,252.0,572.0,14.074447428234869
ART00195,Artikel 195,274.0,75.0,389.0,13.132433693221722
ART00196,Artikel 196,283.0,222.0,283.0,2.957744909543515
ART00197,Artikel 197,733.0,349.0,337.0,21.51747836440093
ART00198,Artikel 198,713.0,182.0,103.0,18.098076149891245
ART00199,Artikel 199,423.0,375.0,337.0,1.7849422113100395
ART00200,Artikel 200,721.0,167.0,130.0,17.72509392102124
ART00201,Artikel 201,657.0,373.0,270.0,13.634101611831886
ART00202,Artikel 202,521.0,324.0,402.0,2.1349611090947787
ART00203,Artikel 203,282.0,261.0,26.0,11.511685974063544
ART00204,Artikel 204,741.0,274.0,478.0,12.16893754953817
ART00205,Artikel 205,162.0,69.0,103.0,4.227786050065566
ART00206,Artikel 206,546.0,162.0,227.0,23.64788386030703
ART00207,Artikel 207,491.0,189.0,409.0,21.264386749868482
ART00208,Artikel 208,613.0,96.0,333.0,16.758656199494798
ART00209,Artikel 209,317.0,50.0,41.0,11.611159468915119
ART00210,Artikel 210,559.0,139.0,429.0,10.352961985454261
ART00211,Artikel 211,435.0,191.0,534.0,16.30923933205876
ART00212,Artikel 212,436.0,369.0,146.0,13.681253548231945
ART00213,Artikel 213,162.0,87.0,33.0,1.6506003364589519
ART00214,Artikel 214,662.0,342.0,31.0,12.861315954381258
ART00215,Artikel 215,674.0,188.0,106.0,20.179450069097705
ART00216,Artikel 216,130.0,382.0,543.0,11.535072952164255
ART00217,Artikel 217,748.0,308.0,556.0,1.3937187811012834
ART00218,Artikel 218,162.0,210.0,320.0,19.678327164662424
ART00219,Artikel 219,51.0,227.0,262.0,5.113958175185761
ART00220,Artikel 220,691.0,59.0,141.0,6.539658788712165
ART00221,Artikel 221,269.0,310.0,166.0,4.201188200464167
ART00222,Artikel 222,615.0,187.0,586.0,8.322355115300288
ART00223,Artikel 223,785.0,221.0,375.0,18.943112491647014
ART00224,Artikel 224,274.0,62.0,328.0,13.032707901648038
ART00225,Artikel 225,434.0,217.0,307.0,5.201543726352742
ART00226,Artikel 226,452.0,179.0,326.0,21.95796894598582
ART00227,Artikel 227,687.0,133.0,568.0,22.001588188293077
ART00228,Artikel 228,179.0,370.0,371.0,21.777402783645574
ART00229,Artikel 229,102.0,368.0,331.0,6.046025663400328
ART00230,Artikel 230,733.0,150.0,78.0,11.335859670106602
ART00231,Artikel 231,779.0,378.0,54.0,24.626242437907788
ART00232,Artikel 232,721.0,322.0,464.0,19.32311066011876
ART00233,Artikel 233,759.0,314.0,112.0,0.7764687885164394
ART00234,Artikel 234,465.0,87.0,226.0,1.723594322386252
ART00235,Artikel 235,296.0,143.0,372.0,11.651891282627085
ART00236,Artikel 236,488.0,144.0,351.0,22.739583125952848
ART00237,Artikel 237,252.0,354.0,178.0,13.513674769022582
ART00238,Artikel 238,233.0,118.0,43.0,12.495531450053825
ART00239,Artikel 239,172.0,367.0,423.0,2.7262951289201016
ART00240,Artikel 240,450.0,285.0,535.0,16.45382460763492
ART00241,Artikel 241,343.0,383.0,383.0,20.570368698945614
ART00242,Artikel 242,329.0,186.0,401.0,9.5724581869383
ART00243,Artikel 243,659.0,125.0,551.0,19.412735088040655
ART00244,Artikel 244,247.0,84.0,171.0,24.11546868213021
ART00245,Artikel 245,560.0,50.0,581.0,5.173784832279458
ART00246,Artikel 246,193.0,345.0,439.0,13.130907816749056
ART00247,Artikel 247,658.0,369.0,269.0,7.24973515630593
ART00248,Artikel 248,250.0,109.0,136.0,19.8420750339426
ART00249,Artikel 249,173.0,369.0,531.0,14.482074810440821
ART00250,Artikel 250,236.0,398.0,597.0,15.901102197002562
ART00251,Artikel 251,375.0,377.0,354.0,19.968062574435763
ART00252,Artikel 252,513.0,316.0,437.0,9.959664769295125
ART00253,Artikel 253,398.0,278.0,314.0,22.885742703335374
ART00254,Artikel 254,709.0,319.0,390.0,13.372418794428883
ART00255,Artikel 255,452.0,365.0,205.0,4.033075088600165
ART00256,Artikel 256,395.0,335.0,265.0,17.427888042403183
ART00257,Artikel 257,560.0,340.0,287.0,19.852207625912534
ART00258,Artikel 258,196.0,262.0,256.0,7.987365758981413
ART00259,Artikel 259,197.0,214.0,549.0,21.44376349926895
ART00260,Artikel 260,760.0,,571.0,22.662967043667585
ART00261,Artikel 261,538.0,388.0,40.0,6.994921735707441
ART00262,Artikel 262,689.0,127.0,539.0,24.589684670609028
ART00263,Artikel 263,600.0,111.0,119.0,3.6037170484140844
ART00264,Artikel 264,387.0,181.0,497.0,5.130190143221999
ART00265,Artikel 265,690.0,138.0,317.0,4.68719849702685
ART00266,Artikel 266,522.0,286.0,545.0,22.360343779195972
ART00267,Artikel 267,200.0,91.0,353.0,16.39188455289155
ART00268,Artikel 268,464.0,138.0,21.0,3.8873966522345946
ART00269,Artikel 269,347.0,345.0,394.0,11.06405311737189
ART00270,Artikel 270,660.0,377.0,312.0,15.420920824238069
ART00271,Artikel 271,312.0,344.0,572.0,2.1782557162356437
ART00272,Artikel 272,193.0,153.0,337.0,22.072167573342735
ART00273,Artikel 273,395.0,63.0,521.0,20.109728032494225
ART00274,Artikel 274,673.0,337.0,400.0,12.679648662058291
ART00275,Artikel 275,621.0,228.0,33.0,24.181452719953345
ART00276,Artikel 276,51.0,174.0,523.0,10.502248383949981
ART00277,Artikel 277,353.0,72.0,250.0,24.604346944008796
ART00278,Artikel 278,303.0,112.0,103.0,16.731207970210313
ART00279,Artikel 279,701.0,192.0,149.0,15.903314704023142
ART00280,Artikel 280,502.0,202.0,164.0,4.232276892865046
ART00281,Artikel 281,86.0,194.0,47.0,22.060001181785637
ART00282,Artikel 282,209.0,274.0,85.0,10.744493229223316
ART00283,Artikel 283,58.0,,182.0,4.139611803983735
ART00284,Artikel 284,282.0,153.0,248.0,0.4139272473964001
ART00285,Artikel 285,148.0,153.0,280.0,14.037916522595724
ART00286,Artikel 286,708.0,88.0,468.0,13.232250590854639
ART00287,Artikel 287,257.0,247.0,443.0,18.01190519699205
ART00288,Artikel 288,180.0,183.0,479.0,22.267425520143274
ART00289,Artikel 289,453.0,116.0,320.0,2.077223957611435
ART00290,Artikel 290,201.0,228.0,322.0,18.314262609475023
ART00291,Artikel 291,103.0,91.0,306.0,4.766557408029796
ART00292,Artikel 292,169.0,64.0,414.0,21.468608623613385
ART00293,Artikel 293,722.0,160.0,29.0,20.494681495155238
ART00294,Artikel 294,677.0,206.0,289.0,13.565764499140053
ART00295,Artikel 295,636.0,338.0,380.0,17.78504568572046
ART00296,Artikel 296,674.0,280.0,276.0,7.927317818275334
ART00297,Artikel 297,469.0,206.0,152.0,11.832080683427083
ART00298,Artikel 298,471.0,87.0,295.0,20.558758752990745
ART00299,Artikel 299,153.0,146.0,532.0,11.535703409613026
ART00300,Artikel 300,303.0,338.0,332.0,9.0091768066035
ART00301,Artikel 301,276.0,303.0,595.0,12.405889936532466
ART00302,Artikel 302,161.0,245.0,303.0,20.723406385686737
ART00303,Artikel 303,559.0,135.0,140.0,8.44668037953473
ART00304,Artikel 304,522.0,371.0,126.0,4.42666366908002
ART00305,Artikel 305,148.0,59.0,223.0,17.829149106236443
ART00306,Artikel 306,202.0,54.0,184.0,20.666857496431238
ART00307,Artikel 307,387.0,172.0,324.0,2.60587321523598
ART00308,Artikel 308,755.0,379.0,516.0,6.072865407623023
ART00309,Artikel 309,212.0,167.0,575.0,3.635102545048748
ART00310,Artikel 310,769.0,343.0,175.0,8.763741148395948
ART00311,Artikel 311,730.0,208.0,,11.313739374744774
ART00312,Artikel 312,210.0,352.0,270.0,18.745775790386332
ART00313,Artikel 313,629.0,277.0,353.0,16.313574863553686
ART00314,Artikel 314,447.0,265.0,530.0,15.561121330212934
ART00315,Artikel 315,326.0,233.0,312.0,8.874136170580394
ART00316,Artikel 316,553.0,64.0,39.0,21.052044071810524
ART00317,Artikel 317,441.0,206.0,301.0,11.835050468214297
ART00318,Artikel 318,184.0,185.0,20.0,24.479712956577348
ART00319,Artikel 319,244.0,310.0,138.0,15.890139243563846
ART00320,Artikel 320,450.0,206.0,54.0,3.2439920649561182
ART00321,Artikel 321,689.0,96.0,217.0,16.936821295678307
ART00322,Artikel 322,82.0,373.0,504.0,8.195089984249304
ART00323,Artikel 323,737.0,381.0,78.0,17.189547197483826
ART00324,Artikel 324,509.0,222.0,180.0,1.834064589243903
ART00325,Artikel 325,519.0,179.0,225.0,4.454547785681388
ART00326,Artikel 326,424.0,144.0,31.0,21.40785774675408
ART00327,Artikel 327,71.0,164.0,509.0,5.75677096988552
ART00328,Artikel 328,799.0,292.0,295.0,20.942324018549208
ART00329,Artikel 329,719.0,341.0,261.0,7.053974602514819
ART00330,Artikel 330,87.0,331.0,235.0,16.107759560461822
ART00331,Artikel 331,279.0,348.0,270.0,17.384349280394794
ART00332,Artikel 332,414.0,332.0,145.0,12.865103353311817
ART00333,Artikel 333,612.0,118.0,236.0,7.702235849748608
ART00334,Artikel 334,487.0,197.0,325.0,5.394844971640293
ART00335,Artikel 335,332.0,60.0,204.0,0.9264149286044129
ART00336,Artikel 336,76.0,303.0,58.0,7.668265390894022
ART00337,Artikel 337,275.0,379.0,242.0,16.363753484228948
ART00338,Artikel 338,326.0,87.0,203.0,23.46378997936722
ART00339,Artikel 339,658.0,183.0,514.0,21.792991608349997
ART00340,Artikel 340,333.0,249.0,446.0,19.175012935729036
ART00341,Artikel 341,530.0,72.0,197.0,19.73233884700714
ART00342,Artikel 342,502.0,352.0,447.0,16.65812409655228
ART00343,Artikel 343,708.0,395.0,313.0,6.581142753393474
ART00344,Artikel 344,565.0,351.0,170.0,22.689156264575164
ART00345,Artikel 345,596.0,267.0,403.0,16.801234566455268
ART00346,Artikel 346,241.0,190.0,327.0,14.054971711412954
ART00347,Artikel 347,98.0,153.0,355.0,2.8636377834156788
ART00348,Artikel 348,561.0,259.0,394.0,11.231683040779991
ART00349,Artikel 349,66.0,160.0,27.0,11.562920952927964
ART00350,Artikel 350,221.0,153.0,360.0,21.627633877114484
ART00351,Artikel 351,269.0,365.0,148.0,13.711540682675931
ART00352,Artikel 352,207.0,220.0,,9.5719736693632
ART00353,Artikel 353,526.0,373.0,377.0,24.422328179915418
ART00354,Artikel 354,95.0,182.0,536.0,2.8569427738252604
ART00355,Artikel 355,422.0,342.0,514.0,10.62145586496742
ART00356,Artikel 356,567.0,377.0,105.0,1.1464144117679917
ART00357,Artikel 357,148.0,176.0,194.0,18.523612607096567
ART00358,Artikel 358,794.0,155.0,212.0,22.96010614975885
ART00359,Artikel 359,86.0,141.0,330.0,7.072929505807186
ART00360,Artikel 360,329.0,336.0,138.0,21.47270775229811
ART00361,Artikel 361,398.0,100.0,237.0,7.376233938501254
ART00362,Artikel 362,546.0,78.0,446.0,
ART00363,Artikel 363,351.0,,433.0,18.87365139955992
ART00364,Artikel 364,230.0,346.0,133.0,20.14217874335182
ART00365,Artikel 365,656.0,263.0,164.0,0.548363234451317
ART00366,Artikel 366,148.0,316.0,557.0,24.073977891143247
ART00367,Artikel 367,749.0,306.0,322.0,18.19410770255105
ART00368,Artikel 368,165.0,351.0,364.0,7.688302275114719
ART00369,Artikel 369,240.0,150.0,20.0,20.75192715498529
ART00370,Artikel 370,302.0,395.0,166.0,7.109877840531755
ART00371,Artikel 371,210.0,159.0,306.0,21.831570605196585
ART00372,Artikel 372,305.0,231.0,72.0,2.9032517212572317
ART00373,Artikel 373,372.0,362.0,323.0,17.621780838773816
ART00374,Artikel 374,177.0,50.0,88.0,13.563392068458267
ART00375,Artikel 375,67.0,368.0,380.0,2.5037083078664764
ART00376,Artikel 376,784.0,104.0,239.0,6.12315632364509
ART00377,Artikel 377,615.0,198.0,594.0,0.40886050330513823
ART00378,Artikel 378,619.0,358.0,180.0,11.772322340066195
ART00379,Artikel 379,372.0,186.0,108.0,7.601504992924008
ART00380,Artikel 380,735.0,251.0,178.0,14.999101359014194
ART00381,Artikel 381,675.0,362.0,508.0,7.5012214119445675
ART00382,Artikel 382,337.0,166.0,,7.567985876523918
ART00383,Artikel 383,712.0,203.0,400.0,18.605510648416924
ART00384,Artikel 384,688.0,340.0,121.0,1.2987566158610009
ART00385,Artikel 385,204.0,112.0,513.0,22.582085380280482
ART00386,Artikel 386,539.0,293.0,38.0,21.32137047234042
ART00387,Artikel 387,435.0,74.0,473.0,16.72833661233752
ART00388,Artikel 388,153.0,139.0,501.0,14.871217095673869
ART00389,Artikel 389,442.0,124.0,416.0,22.31833220367734
ART00390,Artikel 390,295.0,343.0,298.0,4.714721470264989
ART00391,Artikel 391,225.0,259.0,384.0,2.0663321385516324
ART00392,Artikel 392,88.0,396.0,350.0,6.0638032307474985
ART00393,Artikel 393,526.0,66.0,363.0,19.884999139634736
ART00394,Artikel 394,731.0,177.0,474.0,0.9632896414894346
ART00395,Artikel 395,587.0,300.0,84.0,14.61189019357889
ART00396,Artikel 396,457.0,228.0,95.0,24.886394153163618
ART00397,Artikel 397,574.0,231.0,162.0,21.406832736554733
ART00398,Artikel 398,555.0,201.0,492.0,13.083997657185376
ART00399,Artikel 399,85.0,74.0,436.0,1.6846586412373943
ART00400,Artikel 400,734.0,229.0,324.0,20.801200508204175
ART00401,Artikel 401,69.0,247.0,516.0,15.01456485361254
ART00402,Artikel 402,370.0,393.0,310.0,2.961831626783214
ART00403,Artikel 403,561.0,210.0,121.0,2.4370463921015695
ART00404,Artikel 404,449.0,226.0,286.0,22.74970780397115
ART00405,Artikel 405,703.0,334.0,22.0,16.763086547158153
ART00406,Artikel 406,520.0,112.0,104.0,20.749241302987212
ART00407,Artikel 407,192.0,199.0,347.0,21.986574617028456
ART00408,Artikel 408,141.0,203.0,469.0,14.337131566003222
ART00409,Artikel 409,403.0,205.0,473.0,12.984414158700528
ART00410,Artikel 410,776.0,98.0,240.0,10.817642516992654
ART00411,Artikel 411,100.0,386.0,173.0,7.991970035998869
ART00412,Artikel 412,714.0,133.0,31.0,10.921439425381923
ART00413,Artikel 413,747.0,226.0,152.0,19.369603427680893
ART00414,Artikel 414,624.0,197.0,323.0,15.087893432276775
ART00415,Artikel 415,239.0,167.0,312.0,
ART00416,Artikel 416,174.0,391.0,319.0,11.140162358041774
ART00417,Artikel 417,199.0,112.0,62.0,15.216530510096973
ART00418,Artikel 418,363.0,238.0,,15.819558071990517
ART00419,Artikel 419,619.0,98.0,345.0,14.833259341427505
ART00420,Artikel 420,391.0,376.0,517.0,17.59558094982936
ART00421,Artikel 421,354.0,306.0,383.0,6.012093362532676
ART00422,Artikel 422,741.0,273.0,446.0,12.857858060890186
ART00423,Artikel 423,731.0,,40.0,2.695197589927857
ART00424,Artikel 424,103.0,264.0,426.0,9.674332058355832
ART00425,Artikel 425,493.0,260.0,355.0,12.242910008669483
ART00426,Artikel 426,662.0,367.0,136.0,16.340384062682265
ART00427,Artikel 427,313.0,81.0,143.0,23.768223209396467
ART00428,Artikel 428,102.0,207.0,418.0,15.056211557054061
ART00429,Artikel 429,621.0,334.0,70.0,18.61548851279634
ART00430,Artikel 430,669.0,354.0,343.0,12.706024881430547
ART00431,Artikel 431,54.0,335.0,160.0,15.889190381270648
ART00432,Artikel 432,152.0,193.0,489.0,1.8662121817309583
ART00433,Artikel 433,245.0,68.0,353.0,6.43435036296199
ART00434,Artikel 434,399.0,67.0,392.0,9.110142020807952
ART00435,Artikel 435,96.0,306.0,583.0,11.865084539662186
ART00436,Artikel 436,705.0,127.0,513.0,1.236653763009355
ART00437,Artikel 437,318.0,224.0,558.0,3.5866000290776103
ART00438,Artikel 438,419.0,243.0,175.0,6.992676264003514
ART00439,Artikel 439,685.0,162.0,310.0,24.291164003436162
ART00440,Artikel 440,155.0,163.0,163.0,8.350540476865962
ART00441,Artikel 441,719.0,271.0,125.0,12.102822346990854
ART00442,Artikel 442,708.0,215.0,439.0,4.982833047185983
ART00443,Artikel 443,706.0,368.0,21.0,15.308423769786629
ART00444,Artikel 444,169.0,181.0,109.0,7.08901206634776
ART00445,Artikel 445,653.0,313.0,364.0,5.254115203116826
ART00446,Artikel 446,107.0,104.0,369.0,12.962658448304877
ART00447,Artikel 447,395.0,180.0,478.0,0.23709439909447844
ART00448,Artikel 448,790.0,337.0,282.0,0.29083441296571066
ART00449,Artikel 449,523.0,315.0,370.0,5.554813346636258
ART00450,Artikel 450,166.0,211.0,127.0,1.0143619262704464
ART00451,Artikel 451,176.0,136.0,58.0,2.789841277854215
ART00452,Artikel 452,442.0,104.0,178.0,8.537630168534914
ART00453,Artikel 453,690.0,337.0,331.0,20.08438342153734
ART00454,Artikel 454,107.0,227.0,260.0,14.34401121989559
ART00455,Artikel 455,683.0,398.0,464.0,12.865426376314767
ART00456,Artikel 456,562.0,57.0,317.0,7.407871697882228
ART00457,Artikel 457,145.0,370.0,55.0,23.300667613877128
ART00458,Artikel 458,687.0,362.0,103.0,9.985674526806072
ART00459,Artikel 459,167.0,,471.0,2.2686098932147103
ART00460,Artikel 460,609.0,372.0,404.0,15.46495625133325
ART00461,Artikel 461,650.0,304.0,191.0,2.934575997567375
ART00462,Artikel 462,537.0,377.0,395.0,8.696056255762132
ART00463,Artikel 463,286.0,103.0,381.0,12.73455727407344
ART00464,Artikel 464,321.0,298.0,578.0,21.868140864660877
ART00465,Artikel 465,238.0,288.0,160.0,12.389309850468953
ART00466,Artikel 466,753.0,278.0,137.0,17.58624327418844
ART00467,Artikel 467,496.0,116.0,296.0,24.82113929107685
ART00468,Artikel 468,630.0,100.0,239.0,3.3740790854597424
ART00469,Artikel 469,296.0,146.0,45.0,6.9408149854360355
ART00470,Artikel 470,125.0,141.0,540.0,9.924944282381395
ART00471,Artikel 471,203.0,313.0,29.0,10.6035216456169
ART00472,Artikel 472,705.0,340.0,397.0,10.334424774112088
ART00473,Artikel 473,484.0,145.0,171.0,22.699513963658216
ART00474,Artikel 474,135.0,137.0,68.0,17.879412847224724
ART00475,Artikel 475,746.0,127.0,173.0,15.236839830858521
ART00476,Artikel 476,334.0,337.0,312.0,7.8033806747832735
ART00477,Artikel 477,269.0,169.0,599.0,20.61238056711024
ART00478,Artikel 478,118.0,351.0,69.0,23.881006735976225
ART00479,Artikel 479,96.0,214.0,550.0,20.54783723550064
ART00480,Artikel 480,143.0,231.0,79.0,0.1389711192676753
ART00481,Artikel 481,799.0,272.0,186.0,15.946394117566834
ART00482,Artikel 482,502.0,360.0,221.0,1.373270997908308
ART00483,Artikel 483,253.0,56.0,165.0,6.5144197863096736
ART00484,Artikel 484,267.0,379.0,458.0,1.582165038659515
ART00485,Artikel 485,523.0,312.0,261.0,15.134506778439754
ART00486,Artikel 486,481.0,210.0,580.0,17.19608884596591
ART00487,Artikel 487,390.0,200.0,502.0,2.9507421878410374
ART00488,Artikel 488,600.0,134.0,127.0,9.657588187819988
ART00489,Artikel 489,661.0,196.0,245.0,11.460289072992996
ART00490,Artikel 490,338.0,161.0,451.0,9.289420241846821
ART00491,Artikel 491,303.0,85.0,438.0,3.113522512081307
ART00492,Artikel 492,783.0,334.0,474.0,10.531799975668136
ART00493,Artikel 493,406.0,237.0,179.0,18.804333390429612
ART00494,Artikel 494,72.0,131.0,542.0,1.868090846878061
ART00495,Artikel 495,571.0,51.0,96.0,2.0964823506393957
ART00496,Artikel 496,149.0,352.0,528.0,8.933805166716006
ART00497,Artikel 497,229.0,246.0,460.0,23.548970219311233
ART00498,Artikel 498,272.0,60.0,273.0,16.74745890340056
ART00499,Artikel 499,708.0,283.0,339.0,16.998881921146864
ART00500,Artikel 500,491.0,244.0,282.0,9.111807771862837
ART00501,Artikel 501,657.0,168.0,573.0,14.882153701092605
ART00502,Artikel 502,374.0,,393.0,0.35226648229081015
ART00503,Artikel 503,565.0,310.0,186.0,15.9387915555976
ART00504,Artikel 504,65.0,342.0,478.0,22.840844994648293
ART00505,Artikel 505,385.0,305.0,299.0,15.353079361785996
ART00506,Artikel 506,307.0,271.0,321.0,21.855094977311992
ART00507,Artikel 507,546.0,275.0,550.0,18.126929081105736
ART00508,Artikel 508,209.0,102.0,599.0,3.101904568451887
ART00509,Artikel 509,524.0,391.0,237.0,22.571087351417457
ART00510,Artikel 510,713.0,329.0,121.0,1.7544517244587945
ART00511,Artikel 511,739.0,130.0,573.0,13.395790066439316
ART00512,Artikel 512,724.0,251.0,307.0,3.6392143824570957
ART00513,Artikel 513,429.0,207.0,186.0,0.39149460719951124
ART00514,Artikel 514,594.0,169.0,55.0,10.60865307717821
ART00515,Artikel 515,740.0,108.0,372.0,7.446513620588489
ART00516,Artikel 516,476.0,264.0,92.0,12.201412295560313
ART00517,Artikel 517,662.0,177.0,372.0,14.472277179690314
ART00518,Artikel 518,317.0,273.0,89.0,1.1891029004927893
ART00519,Artikel 519,626.0,258.0,444.0,3.162782048581266
ART00520,Artikel 520,466.0,164.0,580.0,14.01019567161559
ART00521,Artikel 521,217.0,258.0,536.0,8.644867093999189
ART00522,Artikel 522,92.0,63.0,447.0,18.256419839981255
ART00523,Artikel 523,605.0,58.0,558.0,16.342062049939297
ART00524,Artikel 524,334.0,89.0,179.0,21.15554863844868
ART00525,Artikel 525,446.0,286.0,168.0,17.34307138406371
ART00526,Artikel 526,61.0,330.0,249.0,10.805283827014687
ART00527,Artikel 527,656.0,250.0,581.0,16.856868897621368
ART00528,Artikel 528,351.0,295.0,86.0,6.956991238959921
ART00529,Artikel 529,302.0,327.0,400.0,7.727206119577495
ART00530,Artikel 530,548.0,284.0,77.0,19.745730482027753
ART00531,Artikel 531,84.0,53.0,278.0,11.215845958399395
ART00532,Artikel 532,776.0,203.0,361.0,19.97967047890698
ART00533,Artikel 533,139.0,78.0,149.0,20.578317104340133
ART00534,Artikel 534,654.0,158.0,191.0,21.453302207765965
ART00535,Artikel 535,651.0,147.0,228.0,22.924217372446062
ART00536,Artikel 536,467.0,264.0,373.0,10.831531990781075
ART00537,Artikel 537,164.0,342.0,490.0,8.039783776196357
ART00538,Artikel 538,666.0,124.0,135.0,14.596748790193434
ART00539,Artikel 539,245.0,375.0,283.0,9.342193343596925
ART00540,Artikel 540,550.0,195.0,461.0,15.0667467533258
ART00541,Artikel 541,675.0,177.0,567.0,17.669087979831232
ART00542,Artikel 542,542.0,390.0,472.0,17.24128496045421
ART00543,Artikel 543,124.0,91.0,496.0,9.42636688680102
ART00544,Artikel 544,462.0,90.0,306.0,4.254819022298944
ART00545,Artikel 545,425.0,83.0,322.0,10.820180527708967
ART00546,Artikel 546,469.0,66.0,330.0,3.6505941876395274
ART00547,Artikel 547,778.0,214.0,227.0,22.263416176076827
ART00548,Artikel 548,326.0,202.0,465.0,8.712348772372648
ART00549,Artikel 549,725.0,125.0,74.0,3.946047705860762
ART00550,Artikel 550,443.0,136.0,31.0,0.7336492216531968
ART00551,Artikel 551,506.0,166.0,419.0,16.18097741853346
ART00552,Artikel 552,241.0,391.0,534.0,15.958867704623106
ART00553,Artikel 553,788.0,76.0,561.0,8.581043747874162
ART00554,Artikel 554,738.0,362.0,256.0,1.88562603230651
ART00555,Artikel 555,148.0,336.0,298.0,10.299759482891277
ART00556,Artikel 556,597.0,183.0,367.0,7.849315627078499
ART00557,Artikel 557,145.0,268.0,123.0,16.960303929401732
ART00558,Artikel 558,713.0,217.0,536.0,15.183903311371989
ART00559,Artikel 559,712.0,147.0,267.0,9.178383832118746
ART00560,Artikel 560,239.0,317.0,383.0,5.525524600949253
ART00561,Artikel 561,785.0,286.0,340.0,24.702095557274237
ART00562,Artikel 562,86.0,358.0,305.0,11.404640367783259
ART00563,Artikel 563,418.0,222.0,168.0,17.238028470927905
ART00564,Artikel 564,744.0,239.0,103.0,3.5997688927011833
ART00565,Artikel 565,574.0,171.0,425.0,12.191183521519005
ART00566,Artikel 566,328.0,95.0,475.0,0.7856643247496906
ART00567,Artikel 567,266.0,113.0,,12.685832435970203
ART00568,Artikel 568,322.0,179.0,479.0,24.10403343723079
ART00569,Artikel 569,111.0,359.0,569.0,9.666747153346424
ART00570,Artikel 570,645.0,242.0,519.0,1.0710007131152985
ART00571,Artikel 571,778.0,356.0,528.0,0.8707991938916538
ART00572,Artikel 572,391.0,230.0,500.0,9.76087032267705
ART00573,Artikel 573,446.0,341.0,133.0,4.084620917933531
ART00574,Artikel 574,748.0,331.0,597.0,0.6814671985718291
ART00575,Artikel 575,68.0,78.0,380.0,18.929718987359404
ART00576,Artikel 576,226.0,198.0,360.0,11.517222921159076
ART00577,Artikel 577,661.0,316.0,468.0,7.302194822119097
ART00578,Artikel 578,445.0,345.0,199.0,22.51207125711037
ART00579,Artikel 579,494.0,60.0,426.0,2.9918601089930874
ART00580,Artikel 580,282.0,213.0,215.0,23.90237884098745
ART00581,Artikel 581,125.0,162.0,485.0,7.9177712626960846
ART00582,Artikel 582,314.0,236.0,330.0,22.221251440486164
ART00583,Artikel 583,504.0,344.0,281.0,15.113277624338592
ART00584,Artikel 584,767.0,281.0,438.0,20.68501325756304
ART00585,Artikel 585,784.0,276.0,425.0,24.601927763940562
ART00586,Artikel 586,433.0,359.0,162.0,7.2812954016867675
ART00587,Artikel 587,613.0,147.0,361.0,24.032273586649065
ART00588,Artikel 588,555.0,104.0,335.0,9.798099183070265
ART00589,Artikel 589,416.0,160.0,120.0,9.699246427949365
ART00590,Artikel 590,193.0,201.0,263.0,8.57563889593719
ART00591,Artikel 591,118.0,295.0,509.0,13.58104942295487
ART00592,Artikel 592,148.0,118.0,31.0,3.9382115751443285
ART00593,Artikel 593,445.0,361.0,258.0,13.887415985414478
ART00594,Artikel 594,74.0,338.0,580.0,13.588449829009098
ART00595,Artikel 595,518.0,299.0,61.0,19.071355133861264
ART00596,Artikel 596,533.0,85.0,448.0,20.85788405224588
ART00597,Artikel 597,614.0,288.0,177.0,11.066989622779358
ART00598,Artikel 598,200.0,197.0,235.0,7.628097908852194
ART00599,Artikel 599,193.0,276.0,481.0,6.557438943195652
ART00600,Artikel 600,618.0,293.0,153.0,4.94613353395131
ART00601,Artikel 601,88.0,386.0,86.0,1.5354247967557195
ART00602,Artikel 602,158.0,250.0,26.0,8.626954672984361
ART00603,Artikel 603,742.0,203.0,545.0,6.829167534056502
ART00604,Artikel 604,91.0,122.0,92.0,24.163792908073543
ART00605,Artikel 605,235.0,250.0,418.0,13.986949773626092
ART00606,Artikel 606,447.0,345.0,424.0,8.747198271859638
ART00607,Artikel 607,272.0,66.0,597.0,14.553643264743028
ART00608,Artikel 608,683.0,178.0,149.0,3.565997863507818
ART00609,Artikel 609,182.0,266.0,485.0,11.156689355134851
ART00610,Artikel 610,212.0,110.0,225.0,15.693234603384488
ART00611,Artikel 611,264.0,153.0,285.0,12.273556011632039
ART00612,Artikel 612,782.0,91.0,556.0,10.104292136292672
ART00613,Artikel 613,284.0,74.0,272.0,24.846824883602483
ART00614,Artikel 614,707.0,88.0,308.0,22.019837577508284
ART00615,Artikel 615,637.0,340.0,183.0,15.622808358170058
ART00616,Artikel 616,58.0,180.0,114.0,
ART00617,Artikel 617,123.0,278.0,129.0,15.554445947632141
ART00618,Artikel 618,541.0,157.0,355.0,5.112671484778588
ART00619,Artikel 619,302.0,221.0,257.0,9.938929807281532
ART00620,Artikel 620,279.0,151.0,400.0,1.082542368983393
ART00621,Artikel 621,568.0,61.0,455.0,11.941096333421983
ART00622,Artikel 622,223.0,324.0,502.0,13.621312140545811
ART00623,Artikel 623,702.0,150.0,44.0,5.770968428969918
ART00624,Artikel 624,217.0,93.0,136.0,24.104318294421294
ART00625,Artikel 625,219.0,354.0,501.0,22.745419812337325
ART00626,Artikel 626,442.0,66.0,411.0,18.081366562852057
ART00627,Artikel 627,683.0,379.0,556.0,13.381327056257527
ART00628,Artikel 628,243.0,106.0,98.0,21.762232075227356
ART00629,Artikel 629,566.0,360.0,599.0,3.3532433612042265
ART00630,Artikel 630,78.0,352.0,192.0,19.783693877444637
ART00631,Artikel 631,214.0,61.0,31.0,3.2080382677745227
ART00632,Artikel 632,471.0,367.0,147.0,19.875845497480196
ART00633,Artikel 633,388.0,129.0,111.0,6.966612449458787
ART00634,Artikel 634,697.0,265.0,562.0,21.939555467352903
ART00635,Artikel 635,545.0,388.0,551.0,23.606648136252407
ART00636,Artikel 636,414.0,313.0,466.0,3.805019638187379
ART00637,Artikel 637,391.0,198.0,409.0,11.620622566128297
ART00638,Artikel 638,549.0,130.0,62.0,24.52658571625086
ART00639,Artikel 639,706.0,264.0,273.0,12.136845155731349
ART00640,Artikel 640,560.0,247.0,149.0,21.602333310612174
ART00641,Artikel 641,376.0,249.0,79.0,14.759414901069864
ART00642,Artikel 642,266.0,74.0,486.0,9.445714707198086
ART00643,Artikel 643,350.0,138.0,306.0,7.216010532594168
ART00644,Artikel 644,181.0,317.0,536.0,5.1602549680435725
ART00645,Artikel 645,119.0,192.0,486.0,19.068774965304662
ART00646,Artikel 646,301.0,108.0,364.0,9.724858619893393
ART00647,Artikel 647,464.0,75.0,401.0,12.830759008798703
ART00648,Artikel 648,494.0,96.0,272.0,12.358904452029428
ART00649,Artikel 649,231.0,337.0,75.0,14.474247827904966
ART00650,Artikel 650,216.0,315.0,482.0,21.65287092605135
ART00651,Artikel 651,140.0,65.0,476.0,24.520409655227393
ART00652,Artikel 652,763.0,248.0,102.0,10.24884679348804
ART00653,Artikel 653,580.0,331.0,118.0,20.705221160446946
ART00654,Artikel 654,88.0,135.0,168.0,19.13674208690247
ART00655,Artikel 655,175.0,299.0,,14.380870891243774
ART00656,Artikel 656,500.0,319.0,175.0,23.905573875937133
ART00657,Artikel 657,222.0,384.0,209.0,5.091815436657229
ART00658,Artikel 658,702.0,166.0,513.0,2.820678836709573
ART00659,Artikel 659,269.0,56.0,282.0,21.36365297719001
ART00660,Artikel 660,687.0,186.0,99.0,11.034830434180332
ART00661,Artikel 661,107.0,225.0,419.0,21.189524469755806
ART00662,Artikel 662,709.0,377.0,279.0,22.33794610936583
ART00663,Artikel 663,525.0,,571.0,1.6551940811148789
ART00664,Artikel 664,505.0,264.0,120.0,22.09827259835291
ART00665,Artikel 665,410.0,131.0,378.0,11.263144478698612
ART00666,Artikel 666,50.0,272.0,399.0,12.809768976205381
ART00667,Artikel 667,436.0,152.0,240.0,15.702153526220934
ART00668,Artikel 668,397.0,322.0,439.0,23.16692690757916
ART00669,Artikel 669,239.0,63.0,143.0,0.5759907513011243
ART00670,Artikel 670,554.0,208.0,441.0,11.973402361113644
ART00671,Artikel 671,240.0,201.0,250.0,17.22427885652096
ART00672,Artikel 672,557.0,157.0,82.0,18.09540324668589
ART00673,Artikel 673,418.0,237.0,504.0,17.34405754527399
ART00674,Artikel 674,458.0,350.0,593.0,3.447434722262234
ART00675,Artikel 675,166.0,147.0,502.0,7.554950150454862
ART00676,Artikel 676,183.0,180.0,538.0,9.032016582883633
ART00677,Artikel 677,107.0,342.0,174.0,20.130486471219676
ART00678,Artikel 678,605.0,220.0,111.0,7.04112082312237
ART00679,Artikel 679,734.0,232.0,545.0,5.346553600293358
ART00680,Artikel 680,721.0,88.0,474.0,23.940455674048597
ART00681,Artikel 681,222.0,64.0,529.0,0.3206957993253756
ART00682,Artikel 682,198.0,53.0,202.0,24.945739306481258
ART00683,Artikel 683,129.0,398.0,405.0,16.95285034154915
ART00684,Artikel 684,262.0,259.0,593.0,20.728885556283014
ART00685,Artikel 685,252.0,210.0,424.0,7.436022969020209
ART00686,Artikel 686,278.0,65.0,265.0,0.45645041390979346
ART00687,Artikel 687,725.0,157.0,490.0,18.472951012182097
ART00688,Artikel 688,276.0,360.0,442.0,20.870200465316827
ART00689,Artikel 689,708.0,276.0,84.0,18.537855685642626
ART00690,Artikel 690,581.0,219.0,32.0,3.656972153790881
ART00691,Artikel 691,490.0,83.0,232.0,18.86035526419853
ART00692,Artikel 692,451.0,300.0,261.0,19.24617727448026
ART00693,Artikel 693,96.0,296.0,512.0,16.497658840184368
ART00694,Artikel 694,282.0,318.0,232.0,19.176286726610098
ART00695,Artikel 695,354.0,190.0,357.0,21.16344384797553
ART00696,Artikel 696,575.0,323.0,192.0,15.378742444512714
ART00697,Artikel 697,192.0,145.0,183.0,2.3062573778450086
ART00698,Artikel 698,464.0,276.0,484.0,12.24193246071355
ART00699,Artikel 699,562.0,88.0,516.0,2.033468433322966
ART00700,Artikel 700,422.0,351.0,414.0,10.247821472707527
ART00701,Artikel 701,615.0,78.0,327.0,10.236951579228128
ART00702,Artikel 702,308.0,367.0,202.0,1.7436451190920152
ART00703,Artikel 703,705.0,294.0,529.0,8.785631295840034
ART00704,Artikel 704,520.0,285.0,565.0,2.8638526599037393
ART00705,Artikel 705,61.0,234.0,583.0,20.22505672922963
ART00706,Artikel 706,379.0,321.0,246.0,23.69743184651532
ART00707,Artikel 707,785.0,285.0,455.0,1.9006802339226714
ART00708,Artikel 708,,288.0,441.0,23.882368661563365
ART00709,Artikel 709,457.0,315.0,573.0,13.112157323484954
ART00710,Artikel 710,717.0,389.0,40.0,7.559185381051459
ART00711,Artikel 711,422.0,114.0,573.0,2.013865674376471
ART00712,Artikel 712,57.0,226.0,416.0,12.565544274953403
ART00713,Artikel 713,171.0,52.0,124.0,19.88343705781964
ART00714,Artikel 714,397.0,191.0,211.0,17.706453283940785
ART00715,Artikel 715,725.0,207.0,36.0,1.3506276854529466
ART00716,Artikel 716,139.0,373.0,139.0,1.9152557006607973
ART00717,Artikel 717,697.0,195.0,412.0,10.131544737552662
ART00718,Artikel 718,747.0,342.0,444.0,7.452733301793787
ART00719,Artikel 719,365.0,202.0,148.0,5.88636964409559
ART00720,Artikel 720,227.0,242.0,149.0,7.097012022826968
ART00721,Artikel 721,589.0,122.0,591.0,20.106720308092427
ART00722,Artikel 722,781.0,354.0,579.0,23.23777853543316
ART00723,Artikel 723,90.0,393.0,48.0,10.187057093736403
ART00724,Artikel 724,789.0,189.0,116.0,22.662163953099178
ART00725,Artikel 725,753.0,236.0,29.0,8.10524296107226
ART00726,Artikel 726,551.0,342.0,261.0,11.96328095996041
ART00727,Artikel 727,194.0,110.0,251.0,5.7281220456183926
ART00728,Artikel 728,250.0,247.0,303.0,16.047853450178515
ART00729,Artikel 729,773.0,344.0,219.0,24.476629767852742
ART00730,Artikel 730,510.0,368.0,98.0,15.126978091480128
ART00731,Artikel 731,781.0,351.0,192.0,9.009570694427365
ART00732,Artikel 732,607.0,393.0,486.0,16.230654405164156
ART00733,Artikel 733,596.0,60.0,435.0,3.1607248937881502
ART00734,Artikel 734,302.0,111.0,468.0,22.227611098608428
ART00735,Artikel 735,439.0,382.0,106.0,12.626790374417924
ART00736,Artikel 736,643.0,275.0,120.0,11.288808576787087
ART00737,Artikel 737,305.0,202.0,27.0,14.688033232492627
ART00738,Artikel 738,758.0,248.0,219.0,15.65711818345612
ART00739,Artikel 739,499.0,101.0,524.0,1.8872175750401743
ART00740,Artikel 740,59.0,309.0,106.0,17.09716880846272
ART00741,Artikel 741,291.0,108.0,62.0,6.124098839856686
ART00742,Artikel 742,300.0,121.0,404.0,17.877420549414087
ART00743,Artikel 743,54.0,197.0,454.0,20.5811163801665
ART00744,Artikel 744,168.0,398.0,427.0,20.118566838057756
ART00745,Artikel 745,423.0,112.0,502.0,13.857274088456437
ART00746,Artikel 746,114.0,359.0,36.0,13.052230318537703
ART00747,Artikel 747,195.0,292.0,167.0,3.6576114373513517
ART00748,Artikel 748,273.0,379.0,296.0,19.406119145038076
ART00749,Artikel 749,288.0,156.0,251.0,6.858093573123187
ART00750,Artikel 750,226.0,275.0,385.0,12.467716028166867
ART00751,Artikel 751,331.0,362.0,247.0,7.1784249138951655
ART00752,Artikel 752,112.0,267.0,455.0,3.432326238692359
ART00753,Artikel 753,266.0,290.0,418.0,15.775986652604239
ART00754,Artikel 754,738.0,308.0,230.0,1.4528676670903053
ART00755,Artikel 755,510.0,311.0,410.0,18.74126632974238
ART00756,Artikel 756,659.0,54.0,518.0,8.007911202001804
ART00757,Artikel 757,154.0,310.0,559.0,0.10335385581168448
ART00758,Artikel 758,148.0,103.0,582.0,12.827115567007022
ART00759,Artikel 759,560.0,96.0,510.0,1.266612522337318
ART00760,Artikel 760,434.0,264.0,461.0,6.976621989740396
ART00761,Artikel 761,454.0,226.0,280.0,17.703714537647333
ART00762,Artikel 762,567.0,58.0,369.0,1.66097157838446
ART00763,Artikel 763,525.0,148.0,371.0,20.999528459664457
ART00764,Artikel 764,758.0,69.0,539.0,0.1951160741987194
ART00765,Artikel 765,694.0,290.0,339.0,6.245914343127366
ART00766,Artikel 766,486.0,110.0,157.0,18.54851099818658
ART00767,Artikel 767,72.0,227.0,569.0,7.975126728259738
ART00768,Artikel 768,614.0,387.0,387.0,2.6371204628437366
ART00769,Artikel 769,726.0,111.0,239.0,9.069824578130653
ART00770,Artikel 770,763.0,194.0,356.0,6.832792830974685
ART00771,Artikel 771,507.0,265.0,242.0,21.083526363797816
ART00772,Artikel 772,132.0,52.0,379.0,7.902363147870063
ART00773,Artikel 773,194.0,209.0,348.0,19.74441854722258
ART00774,Artikel 774,134.0,276.0,482.0,22.307616405787297
ART00775,Artikel 775,127.0,318.0,580.0,10.902053747455584
ART00776,Artikel 776,506.0,169.0,401.0,22.75758428197436
ART00777,Artikel 777,50.0,138.0,188.0,9.4952195436835
ART00778,Artikel 778,100.0,378.0,236.0,24.10555257060369
ART00779,Artikel 779,734.0,117.0,397.0,2.3233091606867657
ART00780,Artikel 780,766.0,147.0,138.0,17.206779735930745
ART00781,Artikel 781,495.0,316.0,209.0,12.395969607377523
ART00782,Artikel 782,498.0,154.0,389.0,9.75245525584561
ART00783,Artikel 783,537.0,372.0,168.0,15.854525780840161
ART00784,Artikel 784,83.0,,507.0,17.626041581694846
ART00785,Artikel 785,397.0,78.0,393.0,0.20864541429269629
ART00786,Artikel 786,144.0,186.0,179.0,4.257131909805247
ART00787,Artikel 787,121.0,244.0,370.0,17.854846660794536
ART00788,Artikel 788,600.0,275.0,307.0,16.69299679809734
ART00789,Artikel 789,203.0,381.0,307.0,24.154582877704062
ART00790,Artikel 790,299.0,219.0,245.0,19.049840977244497
ART00791,Artikel 791,723.0,58.0,542.0,23.774240422510317
ART00792,Artikel 792,487.0,89.0,541.0,17.593258488216694
ART00793,Artikel 793,167.0,74.0,292.0,7.5214999951221335
ART00794,Artikel 794,355.0,310.0,421.0,2.723586564046326
ART00795,Artikel 795,317.0,275.0,202.0,19.567414197288898
ART00796,Artikel 796,103.0,173.0,507.0,16.139315614750306
ART00797,Artikel 797,285.0,87.0,143.0,1.2998317085930762
ART00798,Artikel 798,438.0,377.0,433.0,9.06525660093436
ART00799,Artikel 799,783.0,300.0,191.0,23.924315405558726
